<beans xmlns="http://www.springframework.org/schema/beans"
	xmlns:xsi="http://www.w3.org/2001/XMLSchema-instance"
	xsi:schemaLocation="
		http://www.springframework.org/schema/beans 
		http://www.springframework.org/schema/beans/spring-beans-3.2.xsd">

	<!-- Stored job-meta in memory -->
	<!-- <bean id="jobRepository" class="org.springframework.batch.core.repository.support.MapJobRepositoryFactoryBean">
		<property name="transactionManager" ref="transactionManager" />
	</bean> -->

	<bean id="transactionManager" class="org.springframework.batch.support.transaction.ResourcelessTransactionManager" />

	<bean id="jobLauncher" class="org.springframework.batch.core.launch.support.SimpleJobLauncher">
		<property name="jobRepository" ref="jobRepository" />
	</bean>

	<!-- HSQL external database -->
	<bean id="jobRepository" class="org.springframework.batch.core.repository.support.JobRepositoryFactoryBean">
	    <property name="databaseType" value="HSQL"/>
	    <property name="dataSource" ref="dataSource"/>
	    <property name="transactionManager" ref="transactionManager" />
	</bean>
	<bean name="dataSource" class="org.springframework.jdbc.datasource.DriverManagerDataSource">
		<property name="driverClassName" value="org.hsqldb.jdbcDriver" />
		<property name="url" value="jdbc:hsqldb:hsql://localhost:9005/store/spring-batch-database" />
		<property name="username" value="sa" />
		<property name="password" value="" />
	</bean>

</beans>
