<?xml version="1.0" encoding="UTF-8"?>
<beans xmlns="http://www.springframework.org/schema/beans"
	xmlns:batch="http://www.springframework.org/schema/batch" xmlns:xsi="http://www.w3.org/2001/XMLSchema-instance"
	xsi:schemaLocation="http://www.springframework.org/schema/batch 
		http://www.springframework.org/schema/batch/spring-batch-2.2.xsd
		http://www.springframework.org/schema/beans 
		http://www.springframework.org/schema/beans/spring-beans-3.2.xsd
		">

	<!-- <import resource="../config/database-hsqldb-context.xml" /> --> <!-- External HSQLDB Database -->
	<import resource="../config/database-context.xml" />  <!-- Internal HSQLDB Database -->
	<import resource="../beans/beans.xml" />

	<job id="secuentialControlFlow" xmlns="http://www.springframework.org/schema/batch">
		<step id="stepA" next="stepB">
        	<tasklet ref="stepABean"/>
        </step>
        <step id="stepB" next="stepC">
        	<tasklet ref="stepBBean"/>
        </step>
        <step id="stepC">
        	<tasklet ref="stepCBean"/>
        </step>
	</job>
	<job id="conditionalControlFlow" xmlns="http://www.springframework.org/schema/batch">
		<step id="stepAConditional">
        	<tasklet ref="stepAConditionalBean"/>
        	<next on="COMPLETED" to="stepBConditional" />
        	<next on="NOOP" to="stepCConditional" />
        </step>
        <step id="stepBConditional">
        	<tasklet ref="stepBConditionalBean"/>
        </step>
        <step id="stepCConditional">
        	<tasklet ref="stepCConditionalBean"/>
        </step>
	</job>

</beans>