<?xml version="1.0" encoding="UTF-8"?>
<beans xmlns="http://www.springframework.org/schema/beans" xmlns:p="http://www.springframework.org/schema/p"
	xmlns:xsi="http://www.w3.org/2001/XMLSchema-instance" xmlns:context="http://www.springframework.org/schema/context"
	xsi:schemaLocation="
		http://www.springframework.org/schema/integration http://www.springframework.org/schema/integration/spring-integration.xsd
		http://www.springframework.org/schema/beans http://www.springframework.org/schema/beans/spring-beans.xsd
		http://www.springframework.org/schema/batch http://www.springframework.org/schema/batch/spring-batch-2.2.xsd
		http://www.springframework.org/schema/context http://www.springframework.org/schema/context/spring-context.xsd">

	<job id="job1" xmlns="http://www.springframework.org/schema/batch" incrementer="incrementer">
		<step id="step1" parent="step" />
	</job>

	<job id="job2" xmlns="http://www.springframework.org/schema/batch">
		<step id="job2.step1">
			<partition step="remoteStep" partitioner="partitioner" aggregator="aggregator">
				<handler grid-size="2" task-executor="taskExecutor" />
			</partition>
		</step>
	</job>

	<step id="step" xmlns="http://www.springframework.org/schema/batch">
		<tasklet start-limit="100">
			<chunk commit-interval="1" reader="itemReader" writer="itemWriter" />
		</tasklet>
	</step>

	<context:mbean-export default-domain="spring.application" server="mbeanServer" />

	<bean id="j1.step1.monitor" class="org.springframework.batch.admin.jmx.StepExecutionServiceLevelMonitor">
		<property name="jobName" value="job1" />
		<property name="stepName" value="step1" />
		<property name="upperThreshold" value="3" />
		<property name="observedAttribute" value="LatestReadCount" />
		<property name="defaultDomain" value="spring.application" />
	</bean>

	<chain input-channel="input-files" output-channel="job-requests" xmlns="http://www.springframework.org/schema/integration">
		<filter method="filter">
			<bean class="org.springframework.batch.admin.integration.FileParentDirectoryFilter" xmlns="http://www.springframework.org/schema/beans">
				<property name="parentName" value="staging" />
			</bean>
		</filter>
		<service-activator>
			<bean class="org.springframework.batch.admin.integration.FileToJobLaunchRequestAdapter" xmlns="http://www.springframework.org/schema/beans">
				<property name="job" ref="job1" />
			</bean>
		</service-activator>
		<transformer>
			<bean class="org.springframework.batch.admin.integration.LastJobParametersJobLaunchRequestEnhancer" xmlns="http://www.springframework.org/schema/beans">
				<property name="jobService" ref="jobService" />
			</bean>
		</transformer>
	</chain>

	<bean id="incrementer" class="org.springframework.batch.admin.sample.TrivialJobParametersIncrementer" />

	<bean id="partitioner" class="org.springframework.batch.core.partition.support.SimplePartitioner" />

	<bean id="aggregator" class="org.springframework.batch.core.partition.support.RemoteStepExecutionAggregator">
		<property name="jobExplorer" ref="jobExplorer"/>
	</bean>

	<bean id="taskExecutor" parent="throttledTaskExecutor">
		<property name="throttleLimit" value="100" />
	</bean>

	<bean id="itemWriter" class="org.springframework.batch.admin.sample.ExampleItemWriter" p:fail="#{jobParameters['fail']}"
		scope="step" />

	<bean id="itemReader" class="org.springframework.batch.admin.sample.ExampleItemReader" scope="step" />

	<bean id="remoteStep" class="org.springframework.batch.admin.sample.RemoteStep">
		<property name="step">
			<bean class="org.springframework.remoting.httpinvoker.HttpInvokerProxyFactoryBean">
				<property name="serviceInterface" value="org.springframework.batch.core.Step" />
				<property name="serviceUrl" value="${batch.remote.base.url}/#{resourceService.servletPath}/steps/step1" />
			</bean>
		</property>
		<property name="name" value="step1" />
	</bean>

</beans>
